ebno_db,lmmse_ls_bler,lmmse_ls_ber,lmmse_ls_n_blocks,lmmse_ls_n_block_errors,pole_static_bler,pole_static_ber,pole_static_n_blocks,pole_static_n_block_errors,pole_transport_heuristic_bler,pole_transport_heuristic_ber,pole_transport_heuristic_n_blocks,pole_transport_heuristic_n_block_errors,pole_transport_learned_bler,pole_transport_learned_ber,pole_transport_learned_n_blocks,pole_transport_learned_n_block_errors
0.0,0.8625,0.037303331163194446,160,138,1.0,0.41482069227430557,160,160,1.0,0.4096815321180556,160,160,1.0,0.40766330295138886,160,160
2.0,0.00515625,0.0004812961154513889,12800,66,1.0,0.396732669406467,12800,12800,1.0,0.3941517808702257,12800,12800,1.0,0.3927917310926649,12800,12800
4.0,0.001015625,0.00016050550672743055,12800,13,1.0,0.39156480577256947,12800,12800,1.0,0.38928003946940104,12800,12800,1.0,0.3872635735405816,12800,12800
6.0,0.000625,0.00010947333441840277,12800,8,1.0,0.38589109632703994,12800,12800,1.0,0.3843384297688802,12800,12800,1.0,0.3817873297797309,12800,12800
8.0,0.000234375,5.5423312717013886e-05,12800,3,1.0,0.38072002834743923,12800,12800,1.0,0.3794203186035156,12800,12800,1.0,0.3773279486762153,12800,12800
10.0,0.000625,0.0001519775390625,12800,8,1.0,0.3775795152452257,12800,12800,1.0,0.3765653991699219,12800,12800,1.0,0.374245351155599,12800,12800
